Video_Title,Channel_Name,Views,Extraction_Timestamp
lofi hip hop radio üìö - beats to relax/study to,Lofi Girl,32K watching,2023-07-24 18:50:25
"Mercedes pokaza≈Ç silnik, kt√≥ry wstrzƒÖsnƒÖ≈Ç ca≈ÇƒÖ bran≈ºƒÖ motoryzacyjnƒÖ üò≥ Analiza AMG M139L",Povagowani,293K views,2023-07-24 18:50:25
Niebezpieczne jest delegowanie AI wszystkich zada≈Ñ: prof. Aleksandra Przegali≈Ñska - didaskalia#20,didaskalia,27K views,2023-07-24 18:50:25
"Summer Music Mix 2023 üåä Best Of Vocals Deep House üåä Coldplay, Justin Bieber, Alan Walker, Rihanna",Tropical Mage,13M views,2023-07-24 18:50:25
PAKISTAN A VS INDIA A HIGHLIGHTS| ACC MENS EMERGING ASIA CUP| 2023,ENJOY SPORTS,535 views,2023-07-24 18:50:25
A bear found my GoPro and took a selfie,Tom Scott,211K views,2023-07-24 18:50:25
I Completely Broke the Entire Game with Just 1 Item in Raft,Let's Game It Out,23M views,2023-07-24 18:50:25
Office PRANKS but they are Heartwarmingly Wholesome - The Office US,The Office,205K views,2023-07-24 18:50:25
Fishing a BIG Swimbait for Pond MONSTERS!,KickinTheirBASSTV,361K views,2023-07-24 18:50:25
"MOC FUTBOLU: SANTOS DEMENTUJE, PZPN OPANOWA≈Å KRYZYS? EKSTRAKLASA, TRANSFERY. BOREK, SMOK, ROKI, POL",Kana≈Ç Sportowy,114K views,2023-07-24 18:50:25
"[Playlist] Ïò§Î°ØÏù¥ ÌòºÏûêÏù∏ Î∞© ÏïàÏóêÏÑú, Í∑∏Î¶¨Í≥† Ïû¨Ï¶à | Work & Study Jazz | Relaxing Background Music",WRG Ïö∞Î¶¨Í∞Ä Îì£Í≥† Ïã∂Ïñ¥ÏÑú Ïó∞Ï£ºÌïú playlist,1.5M views,2023-07-24 18:50:25
"Rafa≈Ç Pacze≈õ - ""BANG 2"" (2020) (ca≈Çe nagranie)",Rafa≈Ç Pacze≈õ,13M views,2023-07-24 18:50:25
Impossible 0.00001% Odds!,Beast Reacts,45M views,2023-07-24 18:50:25
Wyja≈õniam ELEKTRO-≈öCIEMƒò ostatni RAZ !,Mi≈Ço≈õnicy czterech k√≥≈Çek -zr√≥b to sam,139K views,2023-07-24 18:50:25
I Bought an Abandoned Off-Grid Cabin in Alaska (Full of Abandoned Treasures!),Outdoor Boys,2.4M views,2023-07-24 18:50:25
Oppenheimer's Apocalypse Math,Welch Labs,783K views,2023-07-24 18:50:25
INSANE resin table - $4000 Warhammer in 75L resin,Squidmar Miniatures,21K views,2023-07-24 18:50:25
Peaceful Summer Night üåù Chill Summer Lofi üåù Deep Focus To Study/Work [ Lofi Hip Hop - Lofi Chill ],Lofi Everyday ,211 watching,2023-07-24 18:50:25
UKRAINA RAPORT z WALK 23 LIPCA 2023 - STAGNACJA?,WoW - Wolski o Wojnie ,145K views,2023-07-24 18:50:25
Top 100 Places To Visit On Earth - Ultimate Travel Guide,Ryan Shirley,2.7M views,2023-07-24 18:50:25
Jak zasnƒÖƒá w 2 minuty. Wojskowa technika szybkiego zasypiania,Dr Bartek Kulczy≈Ñski,86K views,2023-07-24 18:50:25
I Found A SECRET WORLD In Tears Of The Kingdom...,Enluminis,133K views,2023-07-24 18:50:25
‚ú¨Lato 2023‚ú¨ Najlepsza muzyka z radia‚ú¨ Hity na wakacje 2023‚ú¨Hity Eska 2023‚ú¨,Mixes,1.3M views,2023-07-24 18:50:25
DZIENNIKARSKIE ZERO: LIFE BALANCE CONGRESS,Kana≈Ç Sportowy,1.7M views,2023-07-24 18:50:25
Everyone Thinks He Is E-Rank But He Is The Most Powerful Man In The Universe,AniMaan,1.1M views,2023-07-24 18:50:25
Amunicja szczeg√≥lnie niebezpieczna - jak to dzia≈Ça? Testujemy!,Le≈õny Dziadek,188K views,2023-07-24 18:50:25
[Working BGM] Comfortable music that makes you feel positive -- Morning Mood -- Daily Routine,Daily Routine,11M views,2023-07-24 18:50:25
"$1 vs $1,000,000 Hotel Room!",MrBeast,264M views,2023-07-24 18:50:25
üî¥ LIVE: SHARKFEST IS BACK | 24/7 Shark Content Now Streaming | National Geographic,National Geographic,2.1K watching,2023-07-24 18:50:25
"Barbie, czyli r√≥≈ºowa satyra? - Recenzja #709",Sfilmowani,62K views,2023-07-24 18:50:25
Trudno nam nadƒÖ≈ºyƒá za tempem rozwoju sieci neuronowych: prof. Andrzej Dragan - didaskalia #19,didaskalia,349K views,2023-07-24 18:50:25
"Niemcy: ,,POLSKA POTƒòGƒÑ za 10 lat‚Äù - To realna wizja?",Globalista - Oskar Bednarski ,371K views,2023-07-24 18:50:25
How to Get Wi-Fi ANYWHERE Indoors or Outdoors without Cables - DIY Solar MESH,Silver Cymbal,30K views,2023-07-24 18:50:25
Mega Hits 2022 üå± The Best Of Vocal Deep House Music Mix 2022 üå± Summer Music Mix 2022 #14,Deep House Relax,9.9M views,2023-07-24 18:50:25
EGZAMIN DO ELITARNEGO WYDZIA≈ÅU S≈ÅU≈ªBY OCHRONY PA≈ÉSTWA (2/2),ajthepolishamerican,782K views,2023-07-24 18:50:25
"TA OSTATNIA NIEDZIELA, ZN√ìW SIƒò SKOMPROMITUJEMY, CHOƒÜ SIƒò NIE ROZEJDZIEMY",Tomasz ƒÜwiƒÖka≈Ça,60K views,2023-07-24 18:50:25
Kabaret Skecz√≥w MƒôczƒÖcych - Pr√≥ba stypy | Letnia Klinika Skecz√≥w MƒôczƒÖcych 2022,Polsat,4.4M views,2023-07-24 18:50:25
World's Fastest Workers!,Beast Reacts,73M views,2023-07-24 18:50:25
Minecraft Speedrunner VS 5 Hunters GRAND FINALE.,Dream,62M views,2023-07-24 18:50:25
WHY CAPACITORS FAIL in Air Conditioners! Watch it Break!,AC Service Tech LLC,971K views,2023-07-24 18:50:25
The Terrifying Night We'll Never Forget | Haunted Biltmore Hotel,Sam and Colby,25M views,2023-07-24 18:50:25
[Playlist] Morning Mood üåø Chill music to start your morning ~ lofi / relax / study / work,Little Soul,295K views,2023-07-24 18:50:25
4 Tricks for when doctors gaslight you - Dr. Kaveh LIVE,Medical Secrets,254K views,2023-07-24 18:50:25
The BIGGEST Mistakes DIYers Don't Know They Are Making When Wiring Receptacles | How To,How To Home,7.4M views,2023-07-24 18:50:25
This is the last guitar I'll ever buy... really,Music is Win,17K views,2023-07-24 18:50:25
This Shouldn't Be Legal,penguinz0,1.6M views,2023-07-24 18:50:25
Walmart Can‚Äôt Stop Me!,D‚ÄôAydrian Harding,10M views,2023-07-24 18:50:25
"A Christmas Coffee Shop Ambience with Relaxing Christmas Jazz Music, Crackling Fire, and Cafe Sounds",Calmed By Nature,1.7M views,2023-07-24 18:50:25
Stephen A. likens MLS to the G-League following Lionel Messi‚Äôs Inter Miami debut üò¨ | First Take,ESPN,10K views,2023-07-24 18:50:25
We Converted My Drift Car To Run On TOP FUEL Nitro!!!,Cleetus McFarland,560K views,2023-07-24 18:50:25
she is standing outside your window [SSS #020],CoryxKenshin,14M views,2023-07-24 18:50:25
BEST FRIEND TEST 2: BETA SQUAD EDITION,Beta Squad,2.3M views,2023-07-24 18:50:25
City of the Great Machine is the Hide and Seek Board Game You Need,No Pun Included,1.3K views,2023-07-24 18:50:25
"Every Time I Crash, The Car Gets Longer",MuYe,503K views,2023-07-24 18:50:25
"Summer Music Mix 2023üî•Best Of Vocals Deep Houseüî•Alan Walker, Coldplay, Selena Gomez style #1",Deep Palace,7.1M views,2023-07-24 18:50:25
Jaiden and I went to Super Nintendo World,Alpharad,1.4M views,2023-07-24 18:50:25
Are Reverse Flow Smokers Superior? | Chuds BBQ,Chuds BBQ,49K views,2023-07-24 18:50:25
Verify your Minecraft Account = Get Scammed...,No Text To Speech,42K views,2023-07-24 18:50:25
Kabaretowy Sza≈Ç - Kabaret Moralnego Niepokoju odc. 2 (45'),Kabaretowy Sza≈Ç!,7.1M views,2023-07-24 18:50:25
FAME FRIDAY ARENA #1: STUDIO + 2 WALKI | KUP PPV: FAMEMMA.TV,FAME MMA,793K views,2023-07-24 18:50:25
"The Bombi Is Rolling & A New Engine, Incredible Week!",Matt's Off Road Recovery,968K views,2023-07-24 18:50:25
Worship Guitar - 4 Hour Playlist - BEST Worship Songs!,Josh Snodgrass,28K views,2023-07-24 18:50:25
KSP 2: a LUDICROUS Air Launch Rocket!,Matt Lowne,69K views,2023-07-24 18:50:25
WHEN YOUR MOMMA CAN'T COOK! SEASON 1,Kinigra Deon,17M views,2023-07-24 18:50:25
"Chicks, Scrapyards, and Putting the Farmall 856 to Work",Just a Few Acres Farm,126K views,2023-07-24 18:50:25
Nowa Maszyna Na Gospodarstwo! - Quad Polaris Ranger - Pierwsza Jazda z BabciƒÖ,jockerfarm,127K views,2023-07-24 18:50:25
I Bought the Cheapest Diesel Truck I Could Find! 99 Ford F350 7.3L PowerStroke!,Auto Auction Rebuilds,46K views,2023-07-24 18:50:25
CRUISE NEWS - CRUISE CANCELLED BECAUSE THEY SOLD YOUR CABIN,Don's Family Vacations,44K views,2023-07-24 18:50:25
Funniest Videos 2019!,Baylen Levine,21M views,2023-07-24 18:50:25
"FERRARI vs BOXDEL - NIE BƒòDZIE WALKI?! DLACZEGO?! ""afera spray* | MATEUSZ KANIOWSKI",Mateusz Kaniowski,202K views,2023-07-24 18:50:25
We Finally Broke Our Minecraft Server,SMii7Y,1.5M views,2023-07-24 18:50:25
"TRUQUES DE ARTE F√°ceis & Divertidos || Batalha de Desenho Rico x Sem Grana, por 123 GO! CHALLENGE",123 GO! CHALLENGE Portuguese,2.1M views,2023-07-24 18:50:25
I Survived 50 Hours in ONE BLOCK LUCKY BLOCK in Minecraft! #2,Skyes,171K views,2023-07-24 18:50:25
SML Movie: Jeffy Goes To Juvie!,SML,23M views,2023-07-24 18:50:25
This Has Never Been Done on YouTube ü™µ,Wranglerstar,77K views,2023-07-24 18:50:25
The 10 Stages Of EVERY Zelda Player! |Botw|,Little_L,884K views,2023-07-24 18:50:25
2 Hours Of Christmas Music Traditional & Classic Christmas Songs,Tomptonite,834K views,2023-07-24 18:50:25
Dzisiaj Informacje TV Republika 23-07-2023,Telewizja Republika,65K views,2023-07-24 18:50:25
reading for 24 hours! | spoiler free reading vlog,Sara Carrolli,106K views,2023-07-24 18:50:25
The Demonic Secret Society of England. | Hellfire Club,Sam and Colby,6.5M views,2023-07-24 18:50:25
"Minecraft's, But Nukes Are GIANT!",Wisp,185K views,2023-07-24 18:50:25
30 min ≈õmiechu z KMN HD 4x Skecze WOW!!! Kabaretowy Klub Dw√≥jki Fachowcy moje TOP1,jusek jusek,1.6M views,2023-07-24 18:50:25
I did a SPEEDRUN to GRAND-CHAMP 1v1 with NO MECHANICS...,Chief Beef,39K views,2023-07-24 18:50:25
This One Part Changes Everything! Bombi Gets Biggest Upgrade.,Matt's Off Road Recovery,652K views,2023-07-24 18:50:25
satisfying dodges | tenmo player #4,Pianta,60K views,2023-07-24 18:50:25
[SMii7Y VOD] This Game is about Rock and Stone,SMii7Yminus,81K views,2023-07-24 18:50:25
The Ultimate Lifeform - Life of a Carnotaurus | Path Of Titans,TheGamingBeaver,131K views,2023-07-24 18:50:25
NIE WYBIERZ Z≈ÅEGO SUPER SAMOCHODU w Minecraft!,SmileSlow Games,1.1M views,2023-07-24 18:50:25
The PROBLEM With Free Geometry Dash Apps...,MatMart,59K views,2023-07-24 18:50:25
I Built the most defendable solo fortress in Rust...,Cali,23K views,2023-07-24 18:50:25
I Played 100 Days of Zelda: Tears of the Kingdom,Floydson,98K views,2023-07-24 18:50:25
He Reincarnated To Another World As An Overpowered Wizard,AniMaan,482K views,2023-07-24 18:50:25
Hermitcraft 9 Ep 43: My SECRET Buttercup Plan!,GoodTimesWithScar,161K views,2023-07-24 18:50:25
